last_name,first_name,Team,29,Average,30,Average,31,Average,32,Average,33,Average,34,Average,35,Average,36,Average,37,Average,38,Average,Price,Value,Value,Value,Value,Value,Value,Value,Value,Value,Value
Özil, Mesut,ARS,2.0,2.0,1.0,1.5,0.0,1.0,1.3,1.1,1.0,1.1,0.9,1.0,0.9,1.0,0.9,1.0,0.9,1.0,1.4,1.0,£7.2,0.278,0.208,0.139,0.153,0.153,0.139,0.139,0.139,0.139,0.139
Mkhitaryan, Henrikh,ARS,0.0,0.0,0.0,0.0,0.0,0.0,0.0,0.0,0.0,0.0,0.0,0.0,0.0,0.0,0.0,0.0,0.0,0.0,0.0,0.0,£6.8,0.000,0.000,0.000,0.000,0.000,0.000,0.000,0.000,0.000,0.000
Xhaka, Granit,ARS,2.5,2.5,1.3,1.9,0.0,1.3,1.8,1.4,1.4,1.4,1.3,1.4,1.0,1.3,1.1,1.3,1.0,1.3,1.9,1.3,£5.1,0.490,0.373,0.255,0.275,0.275,0.275,0.255,0.255,0.255,0.255
Torreira, Lucas,ARS,0.0,0.0,0.0,0.0,0.0,0.0,0.0,0.0,0.0,0.0,1.0,0.2,0.9,0.3,0.9,0.4,0.9,0.4,1.5,0.5,£4.7,0.000,0.000,0.000,0.000,0.000,0.043,0.064,0.085,0.085,0.106
Elneny, Mohamed,ARS,0.0,0.0,0.0,0.0,0.0,0.0,0.0,0.0,0.0,0.0,0.0,0.0,0.0,0.0,0.0,0.0,0.0,0.0,0.0,0.0,£4.3,0.000,0.000,0.000,0.000,0.000,0.000,0.000,0.000,0.000,0.000
Guendouzi, Matteo,ARS,2.4,2.4,1.2,1.8,0.0,1.2,1.6,1.3,1.3,1.3,1.2,1.3,1.0,1.2,1.0,1.2,1.0,1.2,1.8,1.2,£4.3,0.558,0.419,0.279,0.302,0.302,0.302,0.279,0.279,0.279,0.279
Ceballos,,ARS,1.2,1.2,0.6,0.9,0.0,0.6,0.7,0.6,0.6,0.6,0.6,0.6,0.6,0.6,0.6,0.6,0.6,0.6,0.7,0.6,£5.2,0.231,0.173,0.115,0.115,0.115,0.115,0.115,0.115,0.115,0.115
Pépé, Nicolas,ARS,6.0,6.0,3.3,4.6,0.0,3.1,4.2,3.4,3.5,3.4,3.3,3.4,2.5,3.3,2.9,3.2,2.7,3.2,4.4,3.3,£9.2,0.652,0.500,0.337,0.370,0.370,0.370,0.359,0.348,0.348,0.359
Nelson, Reiss,ARS,0.6,0.6,0.3,0.4,0.0,0.3,0.3,0.3,0.3,0.3,0.3,0.3,0.3,0.3,0.3,0.3,0.3,0.3,0.3,0.3,£5.3,0.113,0.075,0.057,0.057,0.057,0.057,0.057,0.057,0.057,0.057
Willock, Joseph,ARS,0.8,0.8,0.4,0.6,0.0,0.4,0.4,0.4,0.4,0.4,0.4,0.4,0.4,0.4,0.4,0.4,0.4,0.4,0.4,0.4,£4.7,0.170,0.128,0.085,0.085,0.085,0.085,0.085,0.085,0.085,0.085
Saka, Bukayo,ARS,1.5,1.5,0.7,1.1,0.0,0.7,1.0,0.8,0.8,0.8,0.7,0.8,0.7,0.8,0.7,0.8,0.7,0.8,1.1,0.8,£4.6,0.326,0.239,0.152,0.174,0.174,0.174,0.174,0.174,0.174,0.174
Smith Rowe, Emile,ARS,0.0,0.0,0.0,0.0,0.0,0.0,0.0,0.0,0.0,0.0,0.0,0.0,0.0,0.0,0.0,0.0,0.0,0.0,0.0,0.0,£4.3,0.000,0.000,0.000,0.000,0.000,0.000,0.000,0.000,0.000,0.000
Hourihane, Conor,AVL,0.9,0.9,1.2,1.0,0.0,0.7,1.6,0.9,0.9,0.9,1.6,1.0,1.5,1.1,0.9,1.1,1.6,1.1,0.9,1.1,£5.7,0.158,0.175,0.123,0.158,0.158,0.175,0.193,0.193,0.193,0.193
Grealish, Jack,AVL,3.6,3.6,4.9,4.2,0.0,2.8,5.9,3.6,3.1,3.5,5.8,3.9,5.7,4.1,4.0,4.1,5.9,4.3,3.6,4.2,£6.6,0.545,0.636,0.424,0.545,0.530,0.591,0.621,0.621,0.652,0.636
El Ghazi, Anwar,AVL,2.0,2.0,2.9,2.4,0.0,1.6,3.5,2.1,1.7,2.0,3.5,2.3,3.4,2.4,2.2,2.4,3.6,2.5,2.0,2.5,£5.5,0.364,0.436,0.291,0.382,0.364,0.418,0.436,0.436,0.455,0.455
McGinn, John,AVL,0.0,0.0,3.1,1.6,0.0,1.0,3.9,1.8,1.9,1.8,3.8,2.1,3.7,2.3,2.5,2.4,3.9,2.5,2.2,2.5,£5.4,0.000,0.296,0.185,0.333,0.333,0.389,0.426,0.444,0.463,0.463
Green, Andre,AVL,0.0,0.0,0.0,0.0,0.0,0.0,0.0,0.0,0.0,0.0,0.0,0.0,0.0,0.0,0.0,0.0,0.0,0.0,0.0,0.0,£4.8,0.000,0.000,0.000,0.000,0.000,0.000,0.000,0.000,0.000,0.000
Bjarnason, Birkir,AVL,0.0,0.0,0.0,0.0,0.0,0.0,0.0,0.0,0.0,0.0,0.0,0.0,0.0,0.0,0.0,0.0,0.0,0.0,0.0,0.0,£4.5,0.000,0.000,0.000,0.000,0.000,0.000,0.000,0.000,0.000,0.000
Davis, Keinan,AVL,0.2,0.2,0.2,0.2,0.0,0.1,0.2,0.2,0.2,0.2,0.2,0.2,0.2,0.2,0.2,0.2,0.2,0.2,0.2,0.2,£4.3,0.047,0.047,0.023,0.047,0.047,0.047,0.047,0.047,0.047,0.047
Lansbury, Henri,AVL,0.2,0.2,0.2,0.2,0.0,0.1,0.2,0.2,0.2,0.2,0.2,0.2,0.2,0.2,0.2,0.2,0.2,0.2,0.2,0.2,£4.4,0.045,0.045,0.023,0.045,0.045,0.045,0.045,0.045,0.045,0.045
Jota,,AVL,0.3,0.3,0.3,0.3,0.0,0.2,0.3,0.2,0.3,0.2,0.3,0.2,0.3,0.3,0.3,0.3,0.3,0.3,0.3,0.3,£5.8,0.052,0.052,0.034,0.034,0.034,0.034,0.052,0.052,0.052,0.052
Drinkwater, Daniel,AVL,0.1,0.1,0.1,0.1,0.0,0.1,0.1,0.1,0.1,0.1,0.1,0.1,0.1,0.1,0.1,0.1,0.1,0.1,0.1,0.1,£4.4,0.023,0.023,0.023,0.023,0.023,0.023,0.023,0.023,0.023,0.023
Trézéguet,,AVL,1.1,1.1,1.5,1.3,0.0,0.9,1.9,1.1,1.1,1.1,1.9,1.2,1.8,1.3,1.1,1.3,2.0,1.4,1.1,1.4,£5.2,0.212,0.250,0.173,0.212,0.212,0.231,0.250,0.250,0.269,0.269
Douglas Luiz,,AVL,1.6,1.6,2.3,2.0,0.0,1.3,2.9,1.7,1.4,1.6,2.9,1.8,2.8,2.0,1.8,2.0,2.9,2.1,1.6,2.0,£4.4,0.364,0.455,0.295,0.386,0.364,0.409,0.455,0.455,0.477,0.455
Nakamba, Marvelous,AVL,0.6,0.6,0.6,0.6,0.0,0.4,0.8,0.5,0.6,0.5,0.8,0.6,0.7,0.6,0.6,0.6,0.8,0.6,0.6,0.6,£4.4,0.136,0.136,0.091,0.114,0.114,0.136,0.136,0.136,0.136,0.136
Vassilev, Indiana,AVL,0.0,0.0,0.0,0.0,0.0,0.0,0.0,0.0,0.0,0.0,0.0,0.0,0.0,0.0,0.0,0.0,0.0,0.0,0.0,0.0,£4.5,0.000,0.000,0.000,0.000,0.000,0.000,0.000,0.000,0.000,0.000
Fraser, Ryan,BOU,1.3,1.3,2.4,1.8,2.0,1.9,2.9,2.2,1.5,2.0,2.0,2.0,1.9,2.0,1.3,1.9,2.2,1.9,1.7,1.9,£6.8,0.191,0.265,0.279,0.324,0.294,0.294,0.294,0.279,0.279,0.279
Brooks, David,BOU,0.0,0.0,0.0,0.0,0.0,0.0,0.0,0.0,0.0,0.0,0.0,0.0,0.0,0.0,0.0,0.0,0.0,0.0,0.0,0.0,£6.2,0.000,0.000,0.000,0.000,0.000,0.000,0.000,0.000,0.000,0.000
Stanislas, Junior,BOU,0.1,0.1,0.1,0.1,0.1,0.1,0.1,0.1,0.1,0.1,0.1,0.1,0.1,0.1,0.1,0.1,0.1,0.1,0.1,0.1,£5.9,0.017,0.017,0.017,0.017,0.017,0.017,0.017,0.017,0.017,0.017
Ibe, Jordon,BOU,0.0,0.0,0.0,0.0,0.0,0.0,0.0,0.0,0.0,0.0,0.0,0.0,0.0,0.0,0.0,0.0,0.0,0.0,0.0,0.0,£4.6,0.000,0.000,0.000,0.000,0.000,0.000,0.000,0.000,0.000,0.000
Lewis Cook,,BOU,0.0,0.0,0.5,0.2,0.5,0.3,0.7,0.4,0.5,0.4,0.5,0.4,0.5,0.5,0.5,0.5,0.5,0.5,0.5,0.5,£5.0,0.000,0.040,0.060,0.080,0.080,0.080,0.100,0.100,0.100,0.100
Surman, Andrew,BOU,0.1,0.1,0.1,0.1,0.1,0.1,0.1,0.1,0.1,0.1,0.1,0.1,0.1,0.1,0.1,0.1,0.1,0.1,0.1,0.1,£4.7,0.021,0.021,0.021,0.021,0.021,0.021,0.021,0.021,0.021,0.021
Gosling, Dan,BOU,0.7,0.7,0.8,0.8,0.7,0.7,1.1,0.8,0.7,0.8,0.7,0.8,0.7,0.8,0.7,0.8,0.8,0.8,0.7,0.8,£4.9,0.143,0.163,0.143,0.163,0.163,0.163,0.163,0.163,0.163,0.163
Lerma, Jefferson,BOU,1.0,1.0,1.4,1.2,1.2,1.2,1.8,1.3,1.0,1.3,1.2,1.3,1.1,1.2,1.0,1.2,1.4,1.2,1.0,1.2,£4.8,0.208,0.250,0.250,0.271,0.271,0.271,0.250,0.250,0.250,0.250
Billing, Philip,BOU,1.1,1.1,1.8,1.5,1.5,1.5,2.3,1.7,1.1,1.6,1.5,1.6,1.4,1.5,1.1,1.5,1.7,1.5,1.3,1.5,£5.0,0.220,0.300,0.300,0.340,0.320,0.320,0.300,0.300,0.300,0.300
Danjuma,,BOU,0.0,0.0,0.0,0.0,0.0,0.0,0.0,0.0,0.0,0.0,0.3,0.0,0.3,0.1,0.3,0.1,0.3,0.1,0.3,0.2,£5.8,0.000,0.000,0.000,0.000,0.000,0.000,0.017,0.017,0.017,0.034
Harry Wilson,,BOU,0.0,0.0,4.0,2.0,3.4,2.5,4.7,3.0,2.6,2.9,3.5,3.0,3.3,3.1,2.3,3.0,3.8,3.1,3.0,3.1,£5.8,0.000,0.345,0.431,0.517,0.500,0.517,0.534,0.517,0.534,0.534
Saydee, Christian,BOU,0.0,0.0,0.0,0.0,0.0,0.0,0.0,0.0,0.0,0.0,0.0,0.0,0.0,0.0,0.0,0.0,0.0,0.0,0.0,0.0,£4.5,0.000,0.000,0.000,0.000,0.000,0.000,0.000,0.000,0.000,0.000
Kilkenny, Gavin,BOU,0.0,0.0,0.0,0.0,0.0,0.0,0.0,0.0,0.0,0.0,0.0,0.0,0.0,0.0,0.0,0.0,0.0,0.0,0.0,0.0,£4.5,0.000,0.000,0.000,0.000,0.000,0.000,0.000,0.000,0.000,0.000
Dobre, Mihai-Alexandru,BOU,0.0,0.0,0.0,0.0,0.0,0.0,0.0,0.0,0.0,0.0,0.0,0.0,0.0,0.0,0.0,0.0,0.0,0.0,0.0,0.0,£4.5,0.000,0.000,0.000,0.000,0.000,0.000,0.000,0.000,0.000,0.000
Groß, Pascal,BHA,2.5,2.5,3.1,2.8,0.0,1.9,3.0,2.2,2.1,2.1,2.1,2.1,1.9,2.1,2.8,2.2,3.5,2.3,2.5,2.4,£6.3,0.397,0.444,0.302,0.349,0.333,0.333,0.333,0.349,0.365,0.381
Jahanbakhsh, Alireza,BHA,0.4,0.4,0.4,0.4,0.0,0.3,0.4,0.3,0.4,0.3,0.4,0.3,0.4,0.3,0.4,0.4,0.5,0.4,0.4,0.4,£5.8,0.069,0.069,0.052,0.052,0.052,0.052,0.052,0.069,0.069,0.069
Izquierdo,,BHA,0.0,0.0,0.0,0.0,0.0,0.0,0.0,0.0,0.0,0.0,0.0,0.0,0.0,0.0,0.0,0.0,0.0,0.0,0.0,0.0,£5.4,0.000,0.000,0.000,0.000,0.000,0.000,0.000,0.000,0.000,0.000
Knockaert, Anthony,BHA,0.0,0.0,0.0,0.0,0.0,0.0,0.0,0.0,0.0,0.0,0.0,0.0,0.0,0.0,0.0,0.0,0.0,0.0,0.0,0.0,£5.4,0.000,0.000,0.000,0.000,0.000,0.000,0.000,0.000,0.000,0.000
Bissouma, Yves,BHA,0.3,0.3,0.3,0.3,0.0,0.2,0.3,0.2,0.3,0.2,0.3,0.2,0.3,0.3,0.3,0.3,0.3,0.3,0.3,0.3,£5.0,0.060,0.060,0.040,0.040,0.040,0.040,0.060,0.060,0.060,0.060
Pröpper, Davy,BHA,1.8,1.8,2.2,2.0,0.0,1.3,2.1,1.5,1.5,1.5,1.4,1.5,1.3,1.5,1.9,1.5,2.5,1.6,1.7,1.6,£4.8,0.375,0.417,0.271,0.313,0.313,0.313,0.313,0.313,0.333,0.333
March, Solomon,BHA,0.5,0.5,0.5,0.5,0.0,0.3,0.5,0.4,0.5,0.4,0.5,0.4,0.5,0.4,0.5,0.4,0.6,0.5,0.5,0.5,£4.6,0.109,0.109,0.065,0.087,0.087,0.087,0.087,0.087,0.109,0.109
Kayal, Beram,BHA,0.0,0.0,0.0,0.0,0.0,0.0,0.0,0.0,0.0,0.0,0.0,0.0,0.0,0.0,0.0,0.0,0.0,0.0,0.0,0.0,£4.3,0.000,0.000,0.000,0.000,0.000,0.000,0.000,0.000,0.000,0.000
Stephens, Dale,BHA,1.3,1.3,1.6,1.5,0.0,1.0,1.6,1.1,1.1,1.1,1.0,1.1,1.0,1.1,1.4,1.1,1.9,1.2,1.3,1.2,£4.4,0.295,0.341,0.227,0.250,0.250,0.250,0.250,0.250,0.273,0.273
Trossard, Leandro,BHA,2.0,2.0,2.4,2.2,0.0,1.5,2.4,1.7,1.6,1.7,1.6,1.7,1.5,1.6,2.2,1.7,2.8,1.8,2.0,1.8,£5.8,0.345,0.379,0.259,0.293,0.293,0.293,0.276,0.293,0.310,0.310
Mooy, Aaron,BHA,2.4,2.4,2.9,2.6,0.0,1.8,2.8,2.0,2.0,2.0,2.0,2.0,1.8,2.0,2.6,2.1,3.3,2.2,2.4,2.2,£4.8,0.500,0.542,0.375,0.417,0.417,0.417,0.417,0.438,0.458,0.458
Alzate, Steven,BHA,0.6,0.6,0.7,0.6,0.0,0.4,0.7,0.5,0.6,0.5,0.6,0.5,0.6,0.5,0.6,0.5,0.8,0.6,0.6,0.6,£4.5,0.133,0.133,0.089,0.111,0.111,0.111,0.111,0.111,0.133,0.133
Mac Allister, Alexis,BHA,0.0,0.0,0.0,0.0,0.0,0.0,0.0,0.0,0.0,0.0,0.0,0.0,0.0,0.0,0.0,0.0,0.0,0.0,0.0,0.0,£5.5,0.000,0.000,0.000,0.000,0.000,0.000,0.000,0.000,0.000,0.000
Gudmundsson, Johann Berg,BUR,0.0,0.0,0.0,0.0,0.0,0.0,0.0,0.0,0.0,0.0,0.4,0.1,0.4,0.1,0.4,0.2,0.4,0.2,0.4,0.2,£5.9,0.000,0.000,0.000,0.000,0.000,0.017,0.017,0.034,0.034,0.034
McNeil, Dwight,BUR,3.1,3.1,2.0,2.6,3.9,3.0,2.9,3.0,4.3,3.2,2.4,3.1,2.1,3.0,3.7,3.0,2.6,3.0,3.6,3.1,£6.0,0.517,0.433,0.500,0.500,0.533,0.517,0.500,0.500,0.500,0.517
Brady, Robbie,BUR,0.5,0.5,0.5,0.5,0.6,0.5,0.5,0.5,0.7,0.6,0.5,0.5,0.5,0.5,0.6,0.5,0.5,0.5,0.5,0.5,£5.5,0.091,0.091,0.091,0.091,0.109,0.091,0.091,0.091,0.091,0.091
Defour, Steven,BUR,0.0,0.0,0.0,0.0,0.0,0.0,0.0,0.0,0.0,0.0,0.0,0.0,0.0,0.0,0.0,0.0,0.0,0.0,0.0,0.0,£5.5,0.000,0.000,0.000,0.000,0.000,0.000,0.000,0.000,0.000,0.000
Hendrick, Jeff,BUR,2.4,2.4,1.5,2.0,3.1,2.3,2.2,2.3,3.5,2.5,1.9,2.4,1.6,2.3,2.9,2.4,2.0,2.3,2.9,2.4,£5.4,0.444,0.370,0.426,0.426,0.463,0.444,0.426,0.444,0.426,0.444
Westwood, Ashley,BUR,3.3,3.3,2.2,2.8,4.2,3.2,3.1,3.2,4.7,3.5,2.7,3.4,2.3,3.2,4.0,3.3,2.8,3.3,4.0,3.3,£5.4,0.611,0.519,0.593,0.593,0.648,0.630,0.593,0.611,0.611,0.611
Cork, Jack,BUR,1.6,1.6,1.2,1.4,2.2,1.7,1.5,1.6,2.5,1.8,1.3,1.7,1.2,1.6,2.0,1.7,1.3,1.6,2.0,1.7,£4.9,0.327,0.286,0.347,0.327,0.367,0.347,0.327,0.347,0.327,0.347
Lennon, Aaron,BUR,0.2,0.2,0.2,0.2,0.2,0.2,0.2,0.2,0.2,0.2,0.2,0.2,0.2,0.2,0.2,0.2,0.2,0.2,0.2,0.2,£4.6,0.043,0.043,0.043,0.043,0.043,0.043,0.043,0.043,0.043,0.043
Goodridge, Mace,BUR,0.0,0.0,0.0,0.0,0.0,0.0,0.0,0.0,0.0,0.0,0.0,0.0,0.0,0.0,0.0,0.0,0.0,0.0,0.0,0.0,£4.5,0.000,0.000,0.000,0.000,0.000,0.000,0.000,0.000,0.000,0.000
Brownhill, Josh,BUR,0.0,0.0,0.0,0.0,0.0,0.0,0.0,0.0,0.0,0.0,0.0,0.0,0.0,0.0,0.0,0.0,0.0,0.0,0.0,0.0,£4.9,0.000,0.000,0.000,0.000,0.000,0.000,0.000,0.000,0.000,0.000
Willian,,CHE,0.0,0.0,2.9,1.4,0.0,1.0,3.0,1.5,4.2,2.0,3.5,2.3,4.7,2.6,4.0,2.8,2.6,2.8,4.0,2.9,£7.0,0.000,0.200,0.143,0.214,0.286,0.329,0.371,0.400,0.400,0.414
Pedro,,CHE,0.3,0.3,0.3,0.3,0.0,0.2,0.3,0.2,0.3,0.2,0.3,0.2,0.3,0.3,0.3,0.3,0.3,0.3,0.3,0.3,£6.8,0.044,0.044,0.029,0.029,0.029,0.029,0.044,0.044,0.044,0.044
Loftus-Cheek, Ruben,CHE,0.0,0.0,0.0,0.0,0.0,0.0,0.0,0.0,0.0,0.0,0.0,0.0,0.0,0.0,0.0,0.0,0.0,0.0,0.0,0.0,£6.3,0.000,0.000,0.000,0.000,0.000,0.000,0.000,0.000,0.000,0.000
Hudson-Odoi, Callum,CHE,0.0,0.0,0.0,0.0,0.0,0.0,0.0,0.0,0.0,0.0,0.9,0.2,1.4,0.3,1.1,0.4,0.8,0.5,1.1,0.5,£5.3,0.000,0.000,0.000,0.000,0.000,0.038,0.057,0.075,0.094,0.094
Barkley, Ross,CHE,0.4,0.4,0.4,0.4,0.0,0.3,0.4,0.3,0.4,0.3,0.4,0.3,0.5,0.4,0.4,0.4,0.4,0.4,0.4,0.4,£5.6,0.071,0.071,0.054,0.054,0.054,0.054,0.071,0.071,0.071,0.071
Jorginho,,CHE,0.0,0.0,0.0,0.0,0.0,0.0,2.3,0.6,3.2,1.1,2.7,1.4,3.7,1.7,3.0,1.9,1.9,1.9,3.0,2.0,£4.9,0.000,0.000,0.000,0.122,0.224,0.286,0.347,0.388,0.388,0.408
Kanté, N'Golo,CHE,0.0,0.0,0.9,0.4,0.0,0.3,0.9,0.4,1.3,0.6,1.1,0.7,1.6,0.8,1.2,0.9,0.9,0.9,1.2,0.9,£5.0,0.000,0.080,0.060,0.080,0.120,0.140,0.160,0.180,0.180,0.180
Ampadu, Ethan,CHE,0.0,0.0,0.0,0.0,0.0,0.0,0.0,0.0,0.0,0.0,0.0,0.0,0.0,0.0,0.0,0.0,0.0,0.0,0.0,0.0,£4.4,0.000,0.000,0.000,0.000,0.000,0.000,0.000,0.000,0.000,0.000
Pulisic, Christian,CHE,0.0,0.0,0.0,0.0,0.0,0.0,0.0,0.0,0.0,0.0,1.9,0.3,2.7,0.7,2.2,0.8,1.3,0.9,2.2,1.0,£6.9,0.000,0.000,0.000,0.000,0.000,0.043,0.101,0.116,0.130,0.145
Kovacic, Mateo,CHE,0.0,0.0,1.3,0.6,0.0,0.4,1.4,0.7,2.1,1.0,1.7,1.1,2.4,1.3,1.9,1.4,1.2,1.3,1.9,1.4,£5.3,0.000,0.113,0.075,0.132,0.189,0.208,0.245,0.264,0.245,0.264
Kenedy,,CHE,0.0,0.0,0.0,0.0,0.0,0.0,0.0,0.0,0.0,0.0,0.0,0.0,0.0,0.0,0.0,0.0,0.0,0.0,0.0,0.0,£5.2,0.000,0.000,0.000,0.000,0.000,0.000,0.000,0.000,0.000,0.000
Mount, Mason,CHE,4.3,4.3,3.0,3.6,0.0,2.4,3.2,2.6,4.3,3.0,3.7,3.1,4.9,3.3,4.1,3.4,2.7,3.4,4.1,3.4,£6.1,0.705,0.590,0.393,0.426,0.492,0.508,0.541,0.557,0.557,0.557
Gilmour, Billy,CHE,0.0,0.0,0.0,0.0,0.0,0.0,0.0,0.0,0.0,0.0,0.0,0.0,0.0,0.0,0.0,0.0,0.0,0.0,0.0,0.0,£4.5,0.000,0.000,0.000,0.000,0.000,0.000,0.000,0.000,0.000,0.000
Zaha, Wilfried,CRY,3.6,3.6,3.0,3.3,2.1,2.9,3.6,3.1,2.4,2.9,2.7,2.9,2.3,2.8,3.4,2.9,3.0,2.9,2.8,2.9,£6.8,0.529,0.485,0.426,0.456,0.426,0.426,0.412,0.426,0.426,0.426
Milivojevic, Luka,CRY,2.9,2.9,2.3,2.6,1.6,2.3,2.8,2.4,1.8,2.3,2.1,2.2,1.7,2.2,2.6,2.2,2.3,2.2,2.2,2.2,£6.7,0.433,0.388,0.343,0.358,0.343,0.328,0.328,0.328,0.328,0.328
Townsend, Andros,CRY,0.8,0.8,0.6,0.7,0.6,0.7,0.7,0.7,0.6,0.7,0.6,0.6,0.6,0.6,0.7,0.6,0.6,0.6,0.6,0.6,£5.6,0.143,0.125,0.125,0.125,0.125,0.107,0.107,0.107,0.107,0.107
Meyer, Max,CRY,0.3,0.3,0.3,0.3,0.3,0.3,0.3,0.3,0.3,0.3,0.3,0.3,0.3,0.3,0.3,0.3,0.3,0.3,0.3,0.3,£5.2,0.058,0.058,0.058,0.058,0.058,0.058,0.058,0.058,0.058,0.058
Schlupp, Jeffrey,CRY,1.0,1.0,0.8,0.9,0.7,0.8,1.0,0.9,0.7,0.8,0.7,0.8,0.7,0.8,0.9,0.8,0.8,0.8,0.7,0.8,£5.4,0.185,0.167,0.148,0.167,0.148,0.148,0.148,0.148,0.148,0.148
McArthur, James,CRY,2.6,2.6,2.1,2.4,1.4,2.0,2.5,2.2,1.6,2.0,1.9,2.0,1.5,1.9,2.4,2.0,2.1,2.0,1.9,2.0,£5.2,0.500,0.462,0.385,0.423,0.385,0.385,0.365,0.385,0.385,0.385
Kouyaté, Cheikhou,CRY,2.7,2.7,2.2,2.4,1.5,2.1,2.7,2.3,1.7,2.2,2.0,2.1,1.6,2.1,2.5,2.1,2.2,2.1,2.1,2.1,£4.9,0.551,0.490,0.429,0.469,0.449,0.429,0.429,0.429,0.429,0.429
Dreher, Luke,CRY,0.0,0.0,0.0,0.0,0.0,0.0,0.0,0.0,0.0,0.0,0.0,0.0,0.0,0.0,0.0,0.0,0.0,0.0,0.0,0.0,£4.3,0.000,0.000,0.000,0.000,0.000,0.000,0.000,0.000,0.000,0.000
McCarthy, James,CRY,0.0,0.0,0.5,0.2,0.5,0.3,0.5,0.4,0.5,0.4,0.5,0.4,0.5,0.4,0.5,0.4,0.5,0.4,0.5,0.4,£4.3,0.000,0.047,0.070,0.093,0.093,0.093,0.093,0.093,0.093,0.093
Camarasa, Víctor,CRY,0.0,0.0,0.0,0.0,0.0,0.0,0.0,0.0,0.0,0.0,0.0,0.0,0.0,0.0,0.0,0.0,0.0,0.0,0.0,0.0,£4.5,0.000,0.000,0.000,0.000,0.000,0.000,0.000,0.000,0.000,0.000
Riedewald, Jairo,CRY,0.3,0.3,0.3,0.3,0.3,0.3,0.3,0.3,0.3,0.3,0.3,0.3,0.3,0.3,0.3,0.3,0.3,0.3,0.3,0.3,£4.5,0.067,0.067,0.067,0.067,0.067,0.067,0.067,0.067,0.067,0.067
Pierrick, Brandon,CRY,0.0,0.0,0.0,0.0,0.0,0.0,0.0,0.0,0.0,0.0,0.0,0.0,0.0,0.0,0.0,0.0,0.0,0.0,0.0,0.0,£4.5,0.000,0.000,0.000,0.000,0.000,0.000,0.000,0.000,0.000,0.000
Kirby, Nya,CRY,0.0,0.0,0.0,0.0,0.0,0.0,0.0,0.0,0.0,0.0,0.0,0.0,0.0,0.0,0.0,0.0,0.0,0.0,0.0,0.0,£4.5,0.000,0.000,0.000,0.000,0.000,0.000,0.000,0.000,0.000,0.000
McGregor, Giovanni,CRY,0.0,0.0,0.0,0.0,0.0,0.0,0.0,0.0,0.0,0.0,0.0,0.0,0.0,0.0,0.0,0.0,0.0,0.0,0.0,0.0,£4.5,0.000,0.000,0.000,0.000,0.000,0.000,0.000,0.000,0.000,0.000
Iwobi, Alex,EVE,1.1,1.1,1.2,1.2,0.0,0.8,1.4,0.9,1.0,0.9,1.7,1.1,1.3,1.1,1.7,1.2,1.8,1.2,2.0,1.3,£5.6,0.196,0.214,0.143,0.161,0.161,0.196,0.196,0.214,0.214,0.232
Richarlison,,EVE,4.5,4.5,4.9,4.7,0.0,3.1,5.4,3.7,3.9,3.7,6.1,4.1,5.2,4.3,6.3,4.5,6.2,4.7,6.9,4.9,£8.3,0.542,0.566,0.373,0.446,0.446,0.494,0.518,0.542,0.566,0.590
Sigurdsson, Gylfi,EVE,1.6,1.6,1.8,1.7,0.0,1.1,2.1,1.4,1.4,1.4,2.5,1.6,2.0,1.6,2.6,1.8,2.7,1.9,2.9,2.0,£7.3,0.219,0.233,0.151,0.192,0.192,0.219,0.219,0.247,0.260,0.274
Bernard,,EVE,1.1,1.1,1.2,1.2,0.0,0.8,1.4,0.9,1.1,1.0,1.7,1.1,1.3,1.1,1.8,1.2,1.9,1.3,2.0,1.4,£6.4,0.172,0.188,0.125,0.141,0.156,0.172,0.172,0.188,0.203,0.219
Walcott, Theo,EVE,0.9,0.9,0.9,0.9,0.0,0.6,1.0,0.7,0.9,0.7,1.2,0.8,0.9,0.8,1.3,0.9,1.3,0.9,1.5,1.0,£6.2,0.145,0.145,0.097,0.113,0.113,0.129,0.129,0.145,0.145,0.161
Davies, Tom,EVE,1.0,1.0,1.1,1.0,0.0,0.7,1.3,0.8,1.0,0.9,1.5,1.0,1.2,1.0,1.6,1.1,1.7,1.2,1.9,1.2,£5.3,0.189,0.189,0.132,0.151,0.170,0.189,0.189,0.208,0.226,0.226
Lookman, Ademola,EVE,0.0,0.0,0.0,0.0,0.0,0.0,0.0,0.0,0.0,0.0,0.0,0.0,0.0,0.0,0.0,0.0,0.0,0.0,0.0,0.0,£5.0,0.000,0.000,0.000,0.000,0.000,0.000,0.000,0.000,0.000,0.000
Gueye, Idrissa,EVE,0.0,0.0,0.0,0.0,0.0,0.0,0.0,0.0,0.0,0.0,0.0,0.0,0.0,0.0,0.0,0.0,0.0,0.0,0.0,0.0,£5.0,0.000,0.000,0.000,0.000,0.000,0.000,0.000,0.000,0.000,0.000
Schneiderlin, Morgan,EVE,0.0,0.0,0.0,0.0,0.0,0.0,0.0,0.0,0.0,0.0,0.3,0.0,0.3,0.1,0.3,0.1,0.3,0.1,0.3,0.2,£4.4,0.000,0.000,0.000,0.000,0.000,0.000,0.023,0.023,0.023,0.045
André Gomes,,EVE,0.3,0.3,0.3,0.3,0.0,0.2,0.3,0.2,0.3,0.2,0.3,0.2,0.3,0.3,0.3,0.3,0.3,0.3,0.3,0.3,£5.2,0.058,0.058,0.038,0.038,0.038,0.038,0.058,0.058,0.058,0.058
Gbamin, Jean-Philippe,EVE,0.0,0.0,0.0,0.0,0.0,0.0,0.1,0.0,0.1,0.0,0.1,0.1,0.1,0.1,0.1,0.1,0.1,0.1,0.1,0.1,£4.8,0.000,0.000,0.000,0.000,0.000,0.021,0.021,0.021,0.021,0.021
Baningime, Beni,EVE,0.0,0.0,0.0,0.0,0.0,0.0,0.0,0.0,0.0,0.0,0.0,0.0,0.0,0.0,0.0,0.0,0.0,0.0,0.0,0.0,£4.5,0.000,0.000,0.000,0.000,0.000,0.000,0.000,0.000,0.000,0.000
Maddison, James,LEI,4.7,4.7,4.4,4.6,0.0,3.0,4.1,3.3,4.7,3.6,4.4,3.7,4.6,3.8,5.7,4.1,3.5,4.0,4.9,4.1,£7.5,0.627,0.613,0.400,0.440,0.480,0.493,0.507,0.547,0.533,0.547
Barnes, Harvey,LEI,3.7,3.7,3.3,3.5,0.0,2.3,3.1,2.5,3.6,2.7,3.4,2.8,3.5,2.9,4.5,3.1,2.6,3.1,3.8,3.2,£6.1,0.607,0.574,0.377,0.410,0.443,0.459,0.475,0.508,0.508,0.525
Ghezzal, Rachid,LEI,0.0,0.0,0.0,0.0,0.0,0.0,0.0,0.0,0.0,0.0,0.0,0.0,0.0,0.0,0.0,0.0,0.0,0.0,0.0,0.0,£5.2,0.000,0.000,0.000,0.000,0.000,0.000,0.000,0.000,0.000,0.000
Albrighton, Marc,LEI,0.3,0.3,0.3,0.3,0.0,0.2,0.3,0.2,0.3,0.2,0.3,0.2,0.3,0.3,0.3,0.3,0.3,0.3,0.3,0.3,£5.1,0.059,0.059,0.039,0.039,0.039,0.039,0.059,0.059,0.059,0.059
Gray, Demarai,LEI,0.4,0.4,0.4,0.4,0.0,0.3,0.4,0.3,0.4,0.3,0.4,0.3,0.4,0.3,0.5,0.4,0.4,0.4,0.4,0.4,£5.1,0.078,0.078,0.059,0.059,0.059,0.059,0.059,0.078,0.078,0.078
Ndidi, Wilfred,LEI,2.6,2.6,2.4,2.5,0.0,1.7,2.2,1.8,2.6,2.0,2.4,2.0,2.5,2.1,3.3,2.2,1.8,2.2,2.7,2.2,£5.0,0.520,0.500,0.340,0.360,0.400,0.400,0.420,0.440,0.440,0.440
James, Matty,LEI,0.0,0.0,0.0,0.0,0.0,0.0,0.0,0.0,0.0,0.0,0.0,0.0,0.0,0.0,0.0,0.0,0.0,0.0,0.0,0.0,£4.3,0.000,0.000,0.000,0.000,0.000,0.000,0.000,0.000,0.000,0.000
Amartey, Daniel,LEI,0.0,0.0,0.0,0.0,0.0,0.0,0.0,0.0,0.0,0.0,0.0,0.0,0.0,0.0,0.0,0.0,0.0,0.0,0.0,0.0,£4.3,0.000,0.000,0.000,0.000,0.000,0.000,0.000,0.000,0.000,0.000
Mendy, Nampalys,LEI,0.1,0.1,0.1,0.1,0.0,0.1,0.1,0.1,0.1,0.1,0.1,0.1,0.1,0.1,0.1,0.1,0.1,0.1,0.1,0.1,£4.3,0.023,0.023,0.023,0.023,0.023,0.023,0.023,0.023,0.023,0.023
Choudhury, Hamza,LEI,0.5,0.5,0.5,0.5,0.0,0.3,0.5,0.4,0.5,0.4,0.5,0.4,0.5,0.4,0.7,0.5,0.5,0.5,0.5,0.5,£4.3,0.116,0.116,0.070,0.093,0.093,0.093,0.093,0.116,0.116,0.116
Pérez, Ayoze,LEI,4.2,4.2,3.8,4.0,0.0,2.7,3.6,2.9,4.2,3.2,3.9,3.3,4.0,3.4,5.1,3.6,3.0,3.5,4.3,3.6,£6.2,0.677,0.645,0.435,0.468,0.516,0.532,0.548,0.581,0.565,0.581
Tielemans, Youri,LEI,3.5,3.5,3.2,3.4,0.0,2.2,3.0,2.4,3.5,2.6,3.2,2.7,3.4,2.8,4.4,3.0,2.5,3.0,3.6,3.0,£6.2,0.565,0.548,0.355,0.387,0.419,0.435,0.452,0.484,0.484,0.484
King, Andy,LEI,0.0,0.0,0.0,0.0,0.0,0.0,0.0,0.0,0.0,0.0,0.0,0.0,0.0,0.0,0.0,0.0,0.0,0.0,0.0,0.0,£4.3,0.000,0.000,0.000,0.000,0.000,0.000,0.000,0.000,0.000,0.000
Praet, Dennis,LEI,1.0,1.0,0.9,1.0,0.0,0.6,0.9,0.7,1.0,0.8,0.9,0.8,1.0,0.8,1.4,0.9,0.8,0.9,1.1,0.9,£5.3,0.189,0.189,0.113,0.132,0.151,0.151,0.151,0.170,0.170,0.170
Salah, Mohamed,LIV,10.1,10.1,8.5,9.3,9.6,9.4,6.9,8.8,9.6,8.9,8.9,8.9,10.0,9.1,9.0,9.1,8.5,9.0,8.6,9.0,£12.8,0.789,0.727,0.734,0.688,0.695,0.695,0.711,0.711,0.703,0.703
Mané, Sadio,LIV,9.2,9.2,7.5,8.4,8.5,8.4,6.1,7.8,8.5,8.0,7.9,8.0,9.0,8.1,8.0,8.1,7.5,8.0,7.9,8.0,£12.4,0.742,0.677,0.677,0.629,0.645,0.645,0.653,0.653,0.645,0.645
Chamberlain,,LIV,1.6,1.6,1.1,1.4,1.4,1.4,1.0,1.3,1.4,1.3,1.2,1.3,1.6,1.3,1.2,1.3,1.1,1.3,1.2,1.3,£6.2,0.258,0.226,0.226,0.210,0.210,0.210,0.210,0.210,0.210,0.210
Shaqiri, Xherdan,LIV,0.0,0.0,0.0,0.0,0.0,0.0,0.0,0.0,0.0,0.0,0.2,0.0,0.2,0.1,0.2,0.1,0.2,0.1,0.2,0.1,£6.3,0.000,0.000,0.000,0.000,0.000,0.000,0.016,0.016,0.016,0.016
Lallana, Adam,LIV,0.5,0.5,0.5,0.5,0.5,0.5,0.5,0.5,0.5,0.5,0.5,0.5,0.5,0.5,0.5,0.5,0.5,0.5,0.5,0.5,£5.7,0.088,0.088,0.088,0.088,0.088,0.088,0.088,0.088,0.088,0.088
Keita, Naby,LIV,0.0,0.0,0.4,0.2,0.4,0.3,0.4,0.3,0.4,0.3,0.4,0.3,0.4,0.3,0.4,0.4,0.4,0.4,0.4,0.4,£5.8,0.000,0.034,0.052,0.052,0.052,0.052,0.052,0.069,0.069,0.069
Fabinho,,LIV,1.1,1.1,0.8,1.0,0.9,0.9,0.8,0.9,0.9,0.9,0.8,0.9,1.1,0.9,0.8,0.9,0.8,0.9,0.8,0.9,£5.4,0.204,0.185,0.167,0.167,0.167,0.167,0.167,0.167,0.167,0.167
Henderson, Jordan,LIV,0.0,0.0,3.7,1.8,4.3,2.7,2.8,2.7,4.3,3.0,3.9,3.2,4.7,3.4,3.9,3.4,3.6,3.5,4.0,3.5,£5.4,0.000,0.333,0.500,0.500,0.556,0.593,0.630,0.630,0.648,0.648
Wijnaldum, Georginio,LIV,3.4,3.4,2.5,3.0,2.9,2.9,1.8,2.7,2.9,2.7,2.6,2.7,3.2,2.8,2.7,2.8,2.4,2.7,2.7,2.7,£5.4,0.630,0.556,0.537,0.500,0.500,0.500,0.519,0.519,0.500,0.500
Milner, James,LIV,1.1,1.1,0.8,1.0,0.9,0.9,0.8,0.9,0.9,0.9,0.8,0.9,1.1,0.9,0.8,0.9,0.8,0.9,0.8,0.9,£5.3,0.208,0.189,0.170,0.170,0.170,0.170,0.170,0.170,0.170,0.170
Camacho, Rafael,LIV,0.0,0.0,0.0,0.0,0.0,0.0,0.0,0.0,0.0,0.0,0.0,0.0,0.0,0.0,0.0,0.0,0.0,0.0,0.0,0.0,£4.5,0.000,0.000,0.000,0.000,0.000,0.000,0.000,0.000,0.000,0.000
Elliott, Harvey,LIV,0.0,0.0,0.0,0.0,0.0,0.0,0.0,0.0,0.0,0.0,0.0,0.0,0.0,0.0,0.0,0.0,0.0,0.0,0.0,0.0,£4.5,0.000,0.000,0.000,0.000,0.000,0.000,0.000,0.000,0.000,0.000
Jones, Curtis,LIV,0.0,0.0,0.0,0.0,0.0,0.0,0.0,0.0,0.0,0.0,0.0,0.0,0.0,0.0,0.0,0.0,0.0,0.0,0.0,0.0,£4.5,0.000,0.000,0.000,0.000,0.000,0.000,0.000,0.000,0.000,0.000
Minamino, Takumi,LIV,0.1,0.1,0.1,0.1,0.1,0.1,0.1,0.1,0.1,0.1,0.1,0.1,0.1,0.1,0.1,0.1,0.1,0.1,0.1,0.1,£6.2,0.016,0.016,0.016,0.016,0.016,0.016,0.016,0.016,0.016,0.016
Sterling, Raheem,MCI,10.8,10.8,6.3,8.6,0.0,5.7,4.4,5.4,6.1,5.5,6.8,5.7,5.5,5.7,6.5,5.8,5.5,5.8,6.1,5.8,£11.7,0.923,0.735,0.487,0.462,0.470,0.487,0.487,0.496,0.496,0.496
De Bruyne, Kevin,MCI,0.0,0.0,9.5,4.8,0.0,3.2,7.1,4.2,9.3,5.2,9.9,6.0,8.5,6.3,9.5,6.7,8.5,6.9,9.2,7.2,£10.7,0.000,0.449,0.299,0.393,0.486,0.561,0.589,0.626,0.645,0.673
Sané, Leroy,MCI,0.0,0.0,0.0,0.0,0.0,0.0,0.0,0.0,0.0,0.0,0.0,0.0,0.0,0.0,0.0,0.0,0.0,0.0,0.0,0.0,£9.3,0.000,0.000,0.000,0.000,0.000,0.000,0.000,0.000,0.000,0.000
Mahrez, Riyad,MCI,9.1,9.1,5.4,7.2,0.0,4.8,3.7,4.6,5.2,4.7,5.8,4.9,4.6,4.8,5.5,4.9,4.6,4.9,5.2,4.9,£8.4,1.083,0.857,0.571,0.548,0.560,0.583,0.571,0.583,0.583,0.583
Bernardo Silva,,MCI,5.3,5.3,3.3,4.3,0.0,2.9,2.1,2.7,3.1,2.8,3.6,2.9,2.7,2.9,3.4,2.9,2.7,2.9,3.1,2.9,£7.8,0.679,0.551,0.372,0.346,0.359,0.372,0.372,0.372,0.372,0.372
David Silva,,MCI,5.9,5.9,3.5,4.7,0.0,3.1,2.3,2.9,3.4,3.0,3.9,3.2,3.0,3.1,3.7,3.2,3.0,3.2,3.4,3.2,£7.3,0.808,0.644,0.425,0.397,0.411,0.438,0.425,0.438,0.438,0.438
Foden, Phil,MCI,0.6,0.6,0.3,0.4,0.0,0.3,0.3,0.3,0.3,0.3,0.3,0.3,0.3,0.3,0.3,0.3,0.3,0.3,0.3,0.3,£5.1,0.118,0.078,0.059,0.059,0.059,0.059,0.059,0.059,0.059,0.059
Fernandinho,,MCI,2.6,2.6,1.6,2.1,0.0,1.4,1.0,1.3,1.5,1.3,1.8,1.4,1.3,1.4,1.7,1.4,1.3,1.4,1.5,1.4,£5.2,0.500,0.404,0.269,0.250,0.250,0.269,0.269,0.269,0.269,0.269
Gündogan, Ilkay,MCI,2.3,2.3,1.4,1.8,0.0,1.2,0.9,1.2,1.4,1.2,1.6,1.3,1.2,1.3,1.5,1.3,1.2,1.3,1.4,1.3,£5.2,0.442,0.346,0.231,0.231,0.231,0.250,0.250,0.250,0.250,0.250
Rodrigo,,MCI,4.8,4.8,2.9,3.8,0.0,2.6,1.8,2.4,2.8,2.5,3.2,2.6,2.4,2.6,3.0,2.6,2.4,2.6,2.8,2.6,£5.4,0.889,0.704,0.481,0.444,0.463,0.481,0.481,0.481,0.481,0.481
Pogba, Paul,MUN,0.0,0.0,0.0,0.0,0.0,0.0,0.3,0.1,0.3,0.1,0.3,0.2,0.3,0.2,0.3,0.2,0.3,0.2,0.3,0.2,£8.3,0.000,0.000,0.000,0.012,0.012,0.024,0.024,0.024,0.024,0.024
Martial, Anthony,MUN,5.0,5.0,4.0,4.5,0.0,3.0,5.1,3.5,7.3,4.3,4.1,4.2,6.5,4.6,5.0,4.6,6.4,4.8,4.3,4.8,£8.0,0.625,0.563,0.375,0.438,0.538,0.525,0.575,0.575,0.600,0.600
Sánchez, Alexis,MUN,0.0,0.0,0.0,0.0,0.0,0.0,0.0,0.0,0.0,0.0,0.0,0.0,0.0,0.0,0.0,0.0,0.0,0.0,0.0,0.0,£6.8,0.000,0.000,0.000,0.000,0.000,0.000,0.000,0.000,0.000,0.000
Lingard, Jesse,MUN,0.4,0.4,0.4,0.4,0.0,0.3,0.4,0.3,0.5,0.3,0.4,0.4,0.4,0.4,0.4,0.4,0.4,0.4,0.4,0.4,£6.3,0.063,0.063,0.048,0.048,0.048,0.063,0.063,0.063,0.063,0.063
Mata, Juan,MUN,0.6,0.6,0.6,0.6,0.0,0.4,0.6,0.4,1.0,0.6,0.6,0.6,0.8,0.6,0.6,0.6,0.7,0.6,0.6,0.6,£6.2,0.097,0.097,0.065,0.065,0.097,0.097,0.097,0.097,0.097,0.097
James, Daniel,MUN,0.0,0.0,1.9,1.0,0.0,0.6,2.5,1.1,4.0,1.7,1.9,1.7,3.4,2.0,2.5,2.0,3.3,2.2,2.0,2.2,£5.8,0.000,0.172,0.103,0.190,0.293,0.293,0.345,0.345,0.379,0.379
Fred,,MUN,0.9,0.9,0.9,0.9,0.0,0.6,0.9,0.7,1.6,0.9,0.9,0.9,1.3,0.9,0.9,0.9,1.3,1.0,0.9,1.0,£5.3,0.170,0.170,0.113,0.132,0.170,0.170,0.170,0.170,0.189,0.189
Gomes, Angel,MUN,0.0,0.0,0.0,0.0,0.0,0.0,0.0,0.0,0.0,0.0,0.0,0.0,0.0,0.0,0.0,0.0,0.0,0.0,0.0,0.0,£4.8,0.000,0.000,0.000,0.000,0.000,0.000,0.000,0.000,0.000,0.000
Pereira, Andreas,MUN,1.1,1.1,1.0,1.0,0.0,0.7,1.1,0.8,2.0,1.0,1.0,1.0,1.7,1.1,1.1,1.1,1.6,1.2,1.0,1.2,£4.9,0.224,0.204,0.143,0.163,0.204,0.204,0.224,0.224,0.245,0.245
Matic, Nemanja,MUN,0.5,0.5,0.5,0.5,0.0,0.3,0.5,0.4,0.7,0.4,0.5,0.4,0.5,0.5,0.5,0.5,0.5,0.5,0.5,0.5,£4.8,0.104,0.104,0.063,0.083,0.083,0.083,0.104,0.104,0.104,0.104
McTominay, Scott,MUN,2.2,2.2,1.7,2.0,0.0,1.3,2.2,1.5,3.7,2.0,1.7,1.9,3.1,2.1,2.2,2.1,3.0,2.2,1.8,2.2,£4.9,0.449,0.408,0.265,0.306,0.408,0.388,0.429,0.429,0.449,0.449
Chong, Tahith,MUN,0.1,0.1,0.1,0.1,0.0,0.1,0.1,0.1,0.1,0.1,0.1,0.1,0.1,0.1,0.1,0.1,0.1,0.1,0.1,0.1,£4.3,0.023,0.023,0.023,0.023,0.023,0.023,0.023,0.023,0.023,0.023
Garner, James,MUN,0.0,0.0,0.0,0.0,0.0,0.0,0.0,0.0,0.0,0.0,0.0,0.0,0.0,0.0,0.0,0.0,0.0,0.0,0.0,0.0,£4.3,0.000,0.000,0.000,0.000,0.000,0.000,0.000,0.000,0.000,0.000
Fernandes,,MUN,0.6,0.6,0.6,0.6,0.0,0.4,0.6,0.4,0.8,0.5,0.6,0.5,0.6,0.5,0.6,0.5,0.6,0.6,0.6,0.6,£8.3,0.072,0.072,0.048,0.048,0.060,0.060,0.060,0.060,0.072,0.072
Almirón, Miguel,NEW,2.3,2.3,3.4,2.8,0.0,1.9,2.1,1.9,2.6,2.1,1.4,2.0,1.9,2.0,2.4,2.0,1.9,2.0,2.0,2.0,£5.8,0.397,0.483,0.328,0.328,0.362,0.345,0.345,0.345,0.345,0.345
Atsu, Christian,NEW,0.0,0.0,1.1,0.6,0.0,0.4,0.6,0.4,0.7,0.5,0.6,0.5,0.6,0.5,0.7,0.5,0.6,0.5,0.6,0.6,£5.3,0.000,0.113,0.075,0.075,0.094,0.094,0.094,0.094,0.094,0.113
Ki Sung-yueng,,NEW,0.0,0.0,0.0,0.0,0.0,0.0,0.0,0.0,0.0,0.0,0.0,0.0,0.0,0.0,0.0,0.0,0.0,0.0,0.0,0.0,£4.7,0.000,0.000,0.000,0.000,0.000,0.000,0.000,0.000,0.000,0.000
Shelvey, Jonjo,NEW,4.1,4.1,5.7,4.9,0.0,3.3,3.8,3.4,4.5,3.6,2.5,3.4,3.6,3.5,4.3,3.6,3.6,3.6,3.7,3.6,£4.9,0.837,1.000,0.673,0.694,0.735,0.694,0.714,0.735,0.735,0.735
Longstaff, Sean,NEW,1.1,1.1,1.8,1.5,0.0,1.0,1.0,1.0,1.3,1.0,0.9,1.0,0.9,1.0,1.2,1.0,0.9,1.0,0.9,1.0,£5.0,0.220,0.300,0.200,0.200,0.200,0.200,0.200,0.200,0.200,0.200
Hayden, Isaac,NEW,1.9,1.9,2.9,2.4,0.0,1.6,1.7,1.6,2.1,1.7,1.2,1.6,1.6,1.6,2.0,1.7,1.6,1.7,1.7,1.7,£4.3,0.442,0.558,0.372,0.372,0.395,0.372,0.372,0.395,0.395,0.395
Colback, Jack,NEW,0.0,0.0,0.0,0.0,0.0,0.0,0.0,0.0,0.0,0.0,0.0,0.0,0.0,0.0,0.0,0.0,0.0,0.0,0.0,0.0,£4.3,0.000,0.000,0.000,0.000,0.000,0.000,0.000,0.000,0.000,0.000
Murphy, Jacob,NEW,0.0,0.0,0.0,0.0,0.0,0.0,0.0,0.0,0.0,0.0,0.0,0.0,0.0,0.0,0.0,0.0,0.0,0.0,0.0,0.0,£4.8,0.000,0.000,0.000,0.000,0.000,0.000,0.000,0.000,0.000,0.000
Aarons, Rolando,NEW,0.0,0.0,0.0,0.0,0.0,0.0,0.0,0.0,0.0,0.0,0.0,0.0,0.0,0.0,0.0,0.0,0.0,0.0,0.0,0.0,£4.8,0.000,0.000,0.000,0.000,0.000,0.000,0.000,0.000,0.000,0.000
Saint-Maximin, Allan,NEW,0.9,0.9,1.5,1.2,0.0,0.8,0.8,0.8,1.0,0.8,0.8,0.8,0.8,0.8,1.0,0.8,0.8,0.8,0.8,0.8,£5.4,0.167,0.222,0.148,0.148,0.148,0.148,0.148,0.148,0.148,0.148
Matthew Longstaff,,NEW,0.4,0.4,0.6,0.5,0.0,0.3,0.4,0.4,0.4,0.4,0.4,0.4,0.4,0.4,0.4,0.4,0.4,0.4,0.4,0.4,£4.5,0.089,0.111,0.067,0.089,0.089,0.089,0.089,0.089,0.089,0.089
Allan, Thomas,NEW,0.0,0.0,0.0,0.0,0.0,0.0,0.0,0.0,0.0,0.0,0.0,0.0,0.0,0.0,0.0,0.0,0.0,0.0,0.0,0.0,£4.5,0.000,0.000,0.000,0.000,0.000,0.000,0.000,0.000,0.000,0.000
Bentaleb, Nabil,NEW,0.1,0.1,0.1,0.1,0.0,0.1,0.1,0.1,0.1,0.1,0.1,0.1,0.1,0.1,0.1,0.1,0.1,0.1,0.1,0.1,£5.0,0.020,0.020,0.020,0.020,0.020,0.020,0.020,0.020,0.020,0.020
Lazaro, Valentino,NEW,0.0,0.0,0.0,0.0,0.0,0.0,0.0,0.0,0.0,0.0,0.0,0.0,0.0,0.0,0.0,0.0,0.0,0.0,0.0,0.0,£5.4,0.000,0.000,0.000,0.000,0.000,0.000,0.000,0.000,0.000,0.000
Vrancic, Mario,NOR,0.3,0.3,0.3,0.3,0.0,0.2,0.3,0.2,0.3,0.2,0.3,0.2,0.3,0.3,0.3,0.3,0.3,0.3,0.3,0.3,£6.2,0.048,0.048,0.032,0.032,0.032,0.032,0.048,0.048,0.048,0.048
Buendía, Emiliano,NOR,0.0,0.0,2.7,1.4,0.0,0.9,2.1,1.2,3.0,1.6,2.1,1.6,2.7,1.8,1.8,1.8,3.2,2.0,1.4,1.9,£6.0,0.000,0.233,0.150,0.200,0.267,0.267,0.300,0.300,0.333,0.317
Hernández, Onel,NOR,0.0,0.0,0.0,0.0,0.0,0.0,0.0,0.0,0.0,0.0,0.0,0.0,0.0,0.0,0.6,0.1,0.8,0.2,0.6,0.2,£5.3,0.000,0.000,0.000,0.000,0.000,0.000,0.000,0.019,0.038,0.038
Stiepermann, Marco,NOR,0.5,0.5,0.5,0.5,0.0,0.3,0.5,0.4,0.5,0.4,0.5,0.4,0.5,0.4,0.5,0.4,0.5,0.4,0.5,0.4,£5.1,0.098,0.098,0.059,0.078,0.078,0.078,0.078,0.078,0.078,0.078
McLean, Kenny,NOR,2.0,2.0,1.8,1.9,0.0,1.3,1.3,1.3,2.0,1.4,1.3,1.4,1.7,1.4,1.1,1.4,2.1,1.5,1.1,1.4,£4.8,0.417,0.396,0.271,0.271,0.292,0.292,0.292,0.292,0.313,0.292
Cantwell, Todd,NOR,4.0,4.0,3.6,3.8,0.0,2.5,2.9,2.6,3.9,2.9,2.8,2.9,3.5,3.0,2.5,2.9,4.1,3.0,1.9,2.9,£4.8,0.833,0.792,0.521,0.542,0.604,0.604,0.625,0.604,0.625,0.604
Leitner, Moritz,NOR,0.3,0.3,0.3,0.3,0.0,0.2,0.3,0.2,0.3,0.2,0.3,0.2,0.3,0.3,0.3,0.3,0.3,0.3,0.3,0.3,£4.3,0.070,0.070,0.047,0.047,0.047,0.047,0.070,0.070,0.070,0.070
Tettey, Alexander,NOR,2.3,2.3,2.0,2.2,0.0,1.4,1.6,1.5,2.3,1.6,1.5,1.6,2.0,1.7,1.3,1.6,2.4,1.7,1.2,1.7,£4.5,0.511,0.489,0.311,0.333,0.356,0.356,0.378,0.356,0.378,0.378
Trybull, Tom,NOR,0.4,0.4,0.4,0.4,0.0,0.3,0.4,0.3,0.4,0.3,0.4,0.3,0.4,0.3,0.4,0.4,0.5,0.4,0.4,0.4,£4.4,0.091,0.091,0.068,0.068,0.068,0.068,0.068,0.091,0.091,0.091
Roberts, Patrick,NOR,0.0,0.0,0.0,0.0,0.0,0.0,0.0,0.0,0.0,0.0,0.0,0.0,0.0,0.0,0.0,0.0,0.0,0.0,0.0,0.0,£5.1,0.000,0.000,0.000,0.000,0.000,0.000,0.000,0.000,0.000,0.000
Amadou, Ibrahim,NOR,0.0,0.0,0.0,0.0,0.0,0.0,0.0,0.0,0.0,0.0,0.0,0.0,0.0,0.0,0.0,0.0,0.0,0.0,0.0,0.0,£4.5,0.000,0.000,0.000,0.000,0.000,0.000,0.000,0.000,0.000,0.000
Duda, Ondrej,NOR,0.3,0.3,0.3,0.3,0.0,0.2,0.3,0.2,0.3,0.2,0.3,0.2,0.3,0.3,0.3,0.3,0.3,0.3,0.3,0.3,£4.8,0.063,0.063,0.042,0.042,0.042,0.042,0.063,0.063,0.063,0.063
Rupp, Lukas,NOR,0.2,0.2,0.2,0.2,0.0,0.1,0.2,0.2,0.2,0.2,0.2,0.2,0.2,0.2,0.2,0.2,0.2,0.2,0.2,0.2,£4.5,0.044,0.044,0.022,0.044,0.044,0.044,0.044,0.044,0.044,0.044
Duffy, Mark,SHU,0.0,0.0,0.0,0.0,0.0,0.0,0.0,0.0,0.0,0.0,0.0,0.0,0.0,0.0,0.0,0.0,0.0,0.0,0.0,0.0,£5.2,0.000,0.000,0.000,0.000,0.000,0.000,0.000,0.000,0.000,0.000
Fleck, John,SHU,4.1,4.1,3.8,4.0,0.0,2.6,3.4,2.8,3.8,3.0,4.1,3.2,3.3,3.2,3.1,3.2,4.2,3.3,4.2,3.4,£5.0,0.820,0.800,0.520,0.560,0.600,0.640,0.640,0.640,0.660,0.680
Norwood, Oliver,SHU,2.4,2.4,2.2,2.3,0.0,1.5,2.0,1.6,2.3,1.8,2.4,1.9,1.9,1.9,1.8,1.9,2.5,1.9,2.5,2.0,£4.9,0.490,0.469,0.306,0.327,0.367,0.388,0.388,0.388,0.388,0.408
Freeman, Luke,SHU,0.6,0.6,0.6,0.6,0.0,0.4,0.6,0.4,0.6,0.5,0.6,0.5,0.6,0.5,0.6,0.5,0.7,0.5,0.7,0.6,£5.1,0.118,0.118,0.078,0.078,0.098,0.098,0.098,0.098,0.098,0.118
Callum Robinson,,SHU,0.0,0.0,0.0,0.0,0.0,0.0,0.0,0.0,0.0,0.0,0.0,0.0,0.0,0.0,0.0,0.0,0.0,0.0,0.0,0.0,£5.0,0.000,0.000,0.000,0.000,0.000,0.000,0.000,0.000,0.000,0.000
Morrison, Ravel,SHU,0.0,0.0,0.0,0.0,0.0,0.0,0.0,0.0,0.0,0.0,0.0,0.0,0.0,0.0,0.0,0.0,0.0,0.0,0.0,0.0,£4.6,0.000,0.000,0.000,0.000,0.000,0.000,0.000,0.000,0.000,0.000
Osborn, Ben,SHU,0.1,0.1,0.1,0.1,0.0,0.1,0.1,0.1,0.1,0.1,0.1,0.1,0.1,0.1,0.1,0.1,0.1,0.1,0.1,0.1,£4.7,0.021,0.021,0.021,0.021,0.021,0.021,0.021,0.021,0.021,0.021
Bešić, Muhamed,SHU,0.2,0.2,0.2,0.2,0.0,0.1,0.2,0.2,0.2,0.2,0.2,0.2,0.2,0.2,0.2,0.2,0.2,0.2,0.2,0.2,£4.4,0.045,0.045,0.023,0.045,0.045,0.045,0.045,0.045,0.045,0.045
Rodwell, Jack,SHU,0.0,0.0,0.0,0.0,0.0,0.0,0.0,0.0,0.0,0.0,0.0,0.0,0.0,0.0,0.0,0.0,0.0,0.0,0.0,0.0,£4.5,0.000,0.000,0.000,0.000,0.000,0.000,0.000,0.000,0.000,0.000
Berge, Sander,SHU,0.1,0.1,0.1,0.1,0.0,0.1,0.1,0.1,0.1,0.1,0.1,0.1,0.1,0.1,0.1,0.1,0.1,0.1,0.1,0.1,£4.9,0.020,0.020,0.020,0.020,0.020,0.020,0.020,0.020,0.020,0.020
Redmond, Nathan,SOU,0.0,0.0,0.0,0.0,0.0,0.0,2.7,0.7,1.6,0.9,2.5,1.1,2.2,1.3,2.7,1.5,2.9,1.6,3.3,1.8,£6.2,0.000,0.000,0.000,0.113,0.145,0.177,0.210,0.242,0.258,0.290
Ward-Prowse, James,SOU,3.5,3.5,2.7,3.1,0.0,2.1,3.0,2.3,1.8,2.2,2.8,2.3,2.5,2.3,3.0,2.4,3.2,2.5,3.6,2.6,£5.7,0.614,0.544,0.368,0.404,0.386,0.404,0.404,0.421,0.439,0.456
Elyounoussi, Mohamed,SOU,0.0,0.0,0.0,0.0,0.0,0.0,0.0,0.0,0.0,0.0,0.0,0.0,0.0,0.0,0.0,0.0,0.0,0.0,0.0,0.0,£5.2,0.000,0.000,0.000,0.000,0.000,0.000,0.000,0.000,0.000,0.000
Armstrong, Stuart,SOU,0.0,0.0,1.3,0.6,0.0,0.4,1.5,0.7,1.0,0.8,1.4,0.9,1.2,0.9,1.5,1.0,1.6,1.1,1.9,1.1,£5.2,0.000,0.115,0.077,0.135,0.154,0.173,0.173,0.192,0.212,0.212
Lemina, Mario,SOU,0.0,0.0,0.0,0.0,0.0,0.0,0.0,0.0,0.0,0.0,0.0,0.0,0.0,0.0,0.0,0.0,0.0,0.0,0.0,0.0,£4.7,0.000,0.000,0.000,0.000,0.000,0.000,0.000,0.000,0.000,0.000
Højbjerg, Pierre-Emile,SOU,2.3,2.3,1.7,2.0,0.0,1.3,1.9,1.5,1.2,1.4,1.8,1.5,1.5,1.5,1.9,1.5,2.0,1.6,2.4,1.7,£4.8,0.479,0.417,0.271,0.313,0.292,0.313,0.313,0.313,0.333,0.354
Johnson, Tyreke,SOU,0.0,0.0,0.0,0.0,0.0,0.0,0.0,0.0,0.0,0.0,0.0,0.0,0.0,0.0,0.0,0.0,0.0,0.0,0.0,0.0,£4.4,0.000,0.000,0.000,0.000,0.000,0.000,0.000,0.000,0.000,0.000
Slattery, Callum,SOU,0.0,0.0,0.0,0.0,0.0,0.0,0.0,0.0,0.0,0.0,0.0,0.0,0.0,0.0,0.0,0.0,0.0,0.0,0.0,0.0,£4.4,0.000,0.000,0.000,0.000,0.000,0.000,0.000,0.000,0.000,0.000
Oriol Romeu,,SOU,1.2,1.2,0.8,1.0,0.0,0.7,1.0,0.8,0.8,0.8,0.9,0.8,0.8,0.8,1.0,0.8,1.0,0.8,1.3,0.9,£4.3,0.279,0.233,0.163,0.186,0.186,0.186,0.186,0.186,0.186,0.209
Djenepo, Moussa,SOU,1.1,1.1,0.8,1.0,0.0,0.6,0.9,0.7,0.8,0.7,0.8,0.7,0.8,0.7,0.9,0.8,0.9,0.8,1.1,0.8,£5.2,0.212,0.192,0.115,0.135,0.135,0.135,0.135,0.154,0.154,0.154
Boufal, Sofiane,SOU,0.6,0.6,0.6,0.6,0.0,0.4,0.6,0.4,0.6,0.5,0.6,0.5,0.6,0.5,0.6,0.5,0.6,0.5,0.7,0.6,£5.5,0.109,0.109,0.073,0.073,0.091,0.091,0.091,0.091,0.091,0.109
Smallbone, William,SOU,0.0,0.0,0.1,0.0,0.0,0.0,0.1,0.0,0.1,0.1,0.1,0.1,0.1,0.1,0.1,0.1,0.1,0.1,0.1,0.1,£4.5,0.000,0.000,0.000,0.000,0.022,0.022,0.022,0.022,0.022,0.022
Son, Heung-Min,TOT,0.0,0.0,0.0,0.0,0.0,0.0,0.0,0.0,0.0,0.0,6.7,1.1,7.9,2.1,6.5,2.6,6.5,3.1,6.4,3.4,£9.8,0.000,0.000,0.000,0.000,0.000,0.112,0.214,0.265,0.316,0.347
Eriksen, Christian,TOT,0.0,0.0,0.0,0.0,0.0,0.0,0.0,0.0,0.0,0.0,0.0,0.0,0.0,0.0,0.0,0.0,0.0,0.0,0.0,0.0,£8.6,0.000,0.000,0.000,0.000,0.000,0.000,0.000,0.000,0.000,0.000
Alli, Bamidele,TOT,5.5,5.5,6.5,6.0,6.0,6.0,6.5,6.1,6.8,6.3,5.6,6.1,6.6,6.2,5.4,6.1,5.4,6.0,5.3,6.0,£8.3,0.663,0.723,0.723,0.735,0.759,0.735,0.747,0.735,0.723,0.723
Lucas Moura,,TOT,2.3,2.3,2.9,2.6,2.6,2.6,3.1,2.7,3.1,2.8,2.3,2.7,3.0,2.8,2.2,2.7,2.3,2.6,2.2,2.6,£7.1,0.324,0.366,0.366,0.380,0.394,0.380,0.394,0.380,0.366,0.366
Lamela, Erik,TOT,0.9,0.9,1.2,1.0,1.0,1.0,1.3,1.1,1.3,1.1,0.9,1.1,1.2,1.1,0.9,1.1,0.9,1.1,0.8,1.0,£5.7,0.158,0.175,0.175,0.193,0.193,0.193,0.193,0.193,0.193,0.175
Winks, Harry,TOT,0.6,0.6,0.7,0.6,0.6,0.6,0.8,0.7,0.8,0.7,0.6,0.7,0.8,0.7,0.6,0.7,0.6,0.7,0.6,0.7,£5.2,0.115,0.115,0.115,0.135,0.135,0.135,0.135,0.135,0.135,0.135
Wanyama, Victor,TOT,0.0,0.0,0.0,0.0,0.0,0.0,0.0,0.0,0.0,0.0,0.0,0.0,0.0,0.0,0.0,0.0,0.0,0.0,0.0,0.0,£4.7,0.000,0.000,0.000,0.000,0.000,0.000,0.000,0.000,0.000,0.000
Sissoko, Moussa,TOT,0.0,0.0,0.0,0.0,0.0,0.0,0.0,0.0,2.5,0.5,1.8,0.7,2.4,1.0,1.8,1.1,1.8,1.1,1.7,1.2,£4.8,0.000,0.000,0.000,0.000,0.104,0.146,0.208,0.229,0.229,0.250
Dier, Eric,TOT,0.4,0.4,0.4,0.4,0.4,0.4,0.4,0.4,0.4,0.4,0.4,0.4,0.4,0.4,0.4,0.4,0.4,0.4,0.4,0.4,£4.8,0.083,0.083,0.083,0.083,0.083,0.083,0.083,0.083,0.083,0.083
Amos, Luke,TOT,0.0,0.0,0.0,0.0,0.0,0.0,0.0,0.0,0.0,0.0,0.0,0.0,0.0,0.0,0.0,0.0,0.0,0.0,0.0,0.0,£4.4,0.000,0.000,0.000,0.000,0.000,0.000,0.000,0.000,0.000,0.000
Skipp, Oliver,TOT,0.1,0.1,0.1,0.1,0.1,0.1,0.1,0.1,0.1,0.1,0.1,0.1,0.1,0.1,0.1,0.1,0.1,0.1,0.1,0.1,£4.3,0.023,0.023,0.023,0.023,0.023,0.023,0.023,0.023,0.023,0.023
Ndombele, Tanguy,TOT,0.8,0.8,1.1,1.0,0.9,0.9,1.2,1.0,1.1,1.0,0.8,1.0,1.1,1.0,0.8,1.0,0.8,1.0,0.8,0.9,£5.8,0.138,0.172,0.155,0.172,0.172,0.172,0.172,0.172,0.172,0.155
Lo Celso, Giovani,TOT,0.4,0.4,0.4,0.4,0.4,0.4,0.5,0.4,0.5,0.4,0.4,0.4,0.4,0.4,0.4,0.4,0.4,0.4,0.4,0.4,£7.3,0.055,0.055,0.055,0.055,0.055,0.055,0.055,0.055,0.055,0.055
Sessegnon, Ryan,TOT,0.2,0.2,0.2,0.2,0.2,0.2,0.2,0.2,0.2,0.2,0.2,0.2,0.2,0.2,0.2,0.2,0.2,0.2,0.2,0.2,£5.4,0.037,0.037,0.037,0.037,0.037,0.037,0.037,0.037,0.037,0.037
Nkoudou, Georges-Kévin,TOT,0.0,0.0,0.0,0.0,0.0,0.0,0.0,0.0,0.0,0.0,0.0,0.0,0.0,0.0,0.0,0.0,0.0,0.0,0.0,0.0,£5.0,0.000,0.000,0.000,0.000,0.000,0.000,0.000,0.000,0.000,0.000
Fernandes,,TOT,0.1,0.1,0.1,0.1,0.1,0.1,0.1,0.1,0.1,0.1,0.1,0.1,0.1,0.1,0.1,0.1,0.1,0.1,0.1,0.1,£4.8,0.021,0.021,0.021,0.021,0.021,0.021,0.021,0.021,0.021,0.021
Bergwijn, Steven,TOT,0.4,0.4,0.4,0.4,0.4,0.4,0.4,0.4,0.4,0.4,0.4,0.4,0.4,0.4,0.4,0.4,0.4,0.4,0.4,0.4,£7.5,0.053,0.053,0.053,0.053,0.053,0.053,0.053,0.053,0.053,0.053
Doucouré, Abdoulaye,WAT,2.8,2.8,2.9,2.8,2.9,2.9,3.4,3.0,2.5,2.9,3.8,3.1,4.3,3.2,2.3,3.1,2.5,3.0,2.8,3.0,£5.6,0.500,0.500,0.518,0.536,0.518,0.554,0.571,0.554,0.536,0.536
Pereyra, Roberto,WAT,1.3,1.3,1.5,1.4,1.4,1.4,1.8,1.5,1.2,1.4,2.0,1.5,2.3,1.6,1.1,1.6,1.2,1.5,1.4,1.5,£5.6,0.232,0.250,0.250,0.268,0.250,0.268,0.286,0.286,0.268,0.268
Hughes, Will,WAT,1.6,1.6,1.7,1.6,1.7,1.7,2.0,1.8,1.4,1.7,2.2,1.8,2.6,1.9,1.3,1.8,1.4,1.8,1.6,1.8,£5.3,0.302,0.302,0.321,0.340,0.321,0.340,0.358,0.340,0.340,0.340
Cleverley, Tom,WAT,0.4,0.4,0.4,0.4,0.4,0.4,0.4,0.4,0.4,0.4,0.4,0.4,0.5,0.4,0.4,0.4,0.4,0.4,0.4,0.4,£4.8,0.083,0.083,0.083,0.083,0.083,0.083,0.083,0.083,0.083,0.083
Sema, Ken,WAT,0.0,0.0,0.0,0.0,0.0,0.0,0.0,0.0,0.0,0.0,0.0,0.0,0.0,0.0,0.0,0.0,0.0,0.0,0.0,0.0,£4.7,0.000,0.000,0.000,0.000,0.000,0.000,0.000,0.000,0.000,0.000
Capoue, Etienne,WAT,1.9,1.9,2.0,2.0,2.0,2.0,2.4,2.1,1.7,2.0,2.7,2.1,3.1,2.3,1.6,2.2,1.7,2.1,1.9,2.1,£4.8,0.396,0.417,0.417,0.438,0.417,0.438,0.479,0.458,0.438,0.438
Chalobah, Nathaniel,WAT,0.5,0.5,0.5,0.5,0.5,0.5,0.5,0.5,0.5,0.5,0.5,0.5,0.7,0.5,0.5,0.5,0.5,0.5,0.5,0.5,£4.4,0.114,0.114,0.114,0.114,0.114,0.114,0.114,0.114,0.114,0.114
Quina, Domingos,WAT,0.1,0.1,0.1,0.1,0.1,0.1,0.1,0.1,0.1,0.1,0.1,0.1,0.1,0.1,0.1,0.1,0.1,0.1,0.1,0.1,£4.4,0.023,0.023,0.023,0.023,0.023,0.023,0.023,0.023,0.023,0.023
Sarr, Ismaïla,WAT,1.9,1.9,2.1,2.0,2.0,2.0,2.4,2.1,1.7,2.0,2.7,2.1,3.1,2.3,1.6,2.2,1.7,2.1,2.0,2.1,£6.3,0.302,0.317,0.317,0.333,0.317,0.333,0.365,0.349,0.333,0.333
Dele-Bashiru, Ayotomiwa,WAT,0.0,0.0,0.0,0.0,0.0,0.0,0.0,0.0,0.0,0.0,0.0,0.0,0.0,0.0,0.0,0.0,0.0,0.0,0.0,0.0,£4.5,0.000,0.000,0.000,0.000,0.000,0.000,0.000,0.000,0.000,0.000
Pussetto, Ignacio,WAT,0.1,0.1,0.1,0.1,0.1,0.1,0.1,0.1,0.1,0.1,0.1,0.1,0.1,0.1,0.1,0.1,0.1,0.1,0.1,0.1,£4.7,0.021,0.021,0.021,0.021,0.021,0.021,0.021,0.021,0.021,0.021
Antonio, Michail,WHU,0.8,0.8,1.1,1.0,0.8,0.9,0.8,0.9,0.8,0.9,1.2,0.9,0.8,0.9,1.2,0.9,0.8,0.9,1.0,0.9,£6.9,0.116,0.145,0.130,0.130,0.130,0.130,0.130,0.130,0.130,0.130
Felipe Anderson,,WHU,2.3,2.3,2.9,2.6,1.7,2.3,2.3,2.3,2.3,2.3,3.0,2.4,2.0,2.4,3.1,2.4,1.8,2.4,2.8,2.4,£6.6,0.348,0.394,0.348,0.348,0.348,0.364,0.364,0.364,0.364,0.364
Lanzini, Manuel,WHU,0.8,0.8,1.2,1.0,0.8,0.9,0.9,0.9,0.8,0.9,1.2,1.0,0.8,0.9,1.2,1.0,0.8,0.9,1.1,1.0,£6.2,0.129,0.161,0.145,0.145,0.145,0.161,0.145,0.161,0.145,0.161
Yarmolenko, Andriy,WHU,0.0,0.0,0.0,0.0,0.0,0.0,0.0,0.0,0.0,0.0,1.4,0.2,0.9,0.3,1.4,0.5,0.9,0.5,1.2,0.6,£5.2,0.000,0.000,0.000,0.000,0.000,0.038,0.058,0.096,0.096,0.115
Snodgrass, Robert,WHU,3.3,3.3,4.2,3.8,2.5,3.3,3.4,3.4,3.3,3.3,4.3,3.5,2.9,3.4,4.4,3.5,2.7,3.4,4.0,3.5,£5.3,0.623,0.717,0.623,0.642,0.623,0.660,0.642,0.660,0.642,0.660
Wilshere, Jack,WHU,0.0,0.0,0.0,0.0,0.0,0.0,0.0,0.0,0.0,0.0,0.1,0.0,0.1,0.0,0.1,0.0,0.1,0.0,0.1,0.0,£4.7,0.000,0.000,0.000,0.000,0.000,0.000,0.000,0.000,0.000,0.000
Rice, Declan,WHU,1.5,1.5,2.1,1.8,1.2,1.6,1.6,1.6,1.6,1.6,2.2,1.7,1.3,1.6,2.2,1.7,1.2,1.7,1.9,1.7,£4.7,0.319,0.383,0.340,0.340,0.340,0.362,0.340,0.362,0.362,0.362
Noble, Mark,WHU,2.8,2.8,3.5,3.2,2.1,2.8,2.8,2.8,2.8,2.8,3.7,2.9,2.4,2.9,3.7,3.0,2.2,2.9,3.4,2.9,£5.0,0.560,0.640,0.560,0.560,0.560,0.580,0.580,0.600,0.580,0.580
Carlos Sánchez,,WHU,0.1,0.1,0.1,0.1,0.1,0.1,0.1,0.1,0.1,0.1,0.1,0.1,0.1,0.1,0.1,0.1,0.1,0.1,0.1,0.1,£4.3,0.023,0.023,0.023,0.023,0.023,0.023,0.023,0.023,0.023,0.023
Diangana, Grady,WHU,0.0,0.0,0.0,0.0,0.0,0.0,0.0,0.0,0.0,0.0,0.0,0.0,0.0,0.0,0.0,0.0,0.0,0.0,0.0,0.0,£4.3,0.000,0.000,0.000,0.000,0.000,0.000,0.000,0.000,0.000,0.000
Fornals, Pablo,WHU,1.8,1.8,2.3,2.0,1.3,1.8,1.8,1.8,1.8,1.8,2.4,1.9,1.5,1.8,2.5,1.9,1.4,1.9,2.2,1.9,£6.0,0.300,0.333,0.300,0.300,0.300,0.317,0.300,0.317,0.317,0.317
Obiang, Pedro,WHU,0.0,0.0,0.0,0.0,0.0,0.0,0.0,0.0,0.0,0.0,0.0,0.0,0.0,0.0,0.0,0.0,0.0,0.0,0.0,0.0,£4.5,0.000,0.000,0.000,0.000,0.000,0.000,0.000,0.000,0.000,0.000
Holland, Nathan,WHU,0.0,0.0,0.0,0.0,0.0,0.0,0.0,0.0,0.0,0.0,0.0,0.0,0.0,0.0,0.0,0.0,0.0,0.0,0.0,0.0,£4.4,0.000,0.000,0.000,0.000,0.000,0.000,0.000,0.000,0.000,0.000
Rosa,,WHU,0.0,0.0,0.0,0.0,0.0,0.0,0.0,0.0,0.0,0.0,0.0,0.0,0.0,0.0,0.0,0.0,0.0,0.0,0.0,0.0,£4.5,0.000,0.000,0.000,0.000,0.000,0.000,0.000,0.000,0.000,0.000
Soucek, Tomas,WHU,0.0,0.0,0.0,0.0,0.1,0.0,0.1,0.0,0.1,0.1,0.1,0.1,0.1,0.1,0.1,0.1,0.1,0.1,0.1,0.1,£4.9,0.000,0.000,0.000,0.000,0.020,0.020,0.020,0.020,0.020,0.020
Bowen, Jarrod,WHU,0.2,0.2,0.2,0.2,0.2,0.2,0.2,0.2,0.2,0.2,0.2,0.2,0.2,0.2,0.2,0.2,0.2,0.2,0.2,0.2,£6.5,0.031,0.031,0.031,0.031,0.031,0.031,0.031,0.031,0.031,0.031
Neves,,WOL,2.1,2.1,1.4,1.8,2.3,1.9,1.3,1.8,2.1,1.8,2.5,2.0,2.2,2.0,1.8,2.0,2.0,2.0,1.5,1.9,£5.2,0.404,0.346,0.365,0.346,0.346,0.385,0.385,0.385,0.385,0.365
Moutinho,,WOL,3.3,3.3,2.3,2.8,3.6,3.1,2.2,2.8,3.3,2.9,3.7,3.1,3.4,3.1,2.8,3.1,3.1,3.1,2.4,3.0,£5.4,0.611,0.519,0.574,0.519,0.537,0.574,0.574,0.574,0.574,0.556
Gibbs-White, Morgan,WOL,0.1,0.1,0.1,0.1,0.1,0.1,0.1,0.1,0.1,0.1,0.1,0.1,0.1,0.1,0.1,0.1,0.1,0.1,0.1,0.1,£4.7,0.021,0.021,0.021,0.021,0.021,0.021,0.021,0.021,0.021,0.021
Traoré, Adama,WOL,0.0,0.0,3.3,1.6,4.9,2.7,3.1,2.8,4.6,3.2,5.1,3.5,4.7,3.7,4.0,3.7,4.3,3.8,3.4,3.7,£5.8,0.000,0.276,0.466,0.483,0.552,0.603,0.638,0.638,0.655,0.638
Costa, Hélder,WOL,0.0,0.0,0.0,0.0,0.0,0.0,0.0,0.0,0.0,0.0,0.0,0.0,0.0,0.0,0.0,0.0,0.0,0.0,0.0,0.0,£4.9,0.000,0.000,0.000,0.000,0.000,0.000,0.000,0.000,0.000,0.000
Cavaleiro, Ivan,WOL,0.0,0.0,0.0,0.0,0.0,0.0,0.0,0.0,0.0,0.0,0.0,0.0,0.0,0.0,0.0,0.0,0.0,0.0,0.0,0.0,£4.9,0.000,0.000,0.000,0.000,0.000,0.000,0.000,0.000,0.000,0.000
Dendoncker, Leander,WOL,2.1,2.1,1.4,1.8,2.3,1.9,1.3,1.8,2.1,1.8,2.5,2.0,2.2,2.0,1.8,2.0,2.0,2.0,1.5,1.9,£4.4,0.477,0.409,0.432,0.409,0.409,0.455,0.455,0.455,0.455,0.432
Neto,,WOL,1.0,1.0,0.8,0.9,1.1,1.0,0.8,0.9,1.0,0.9,1.2,1.0,1.0,1.0,0.8,1.0,0.9,1.0,0.8,0.9,£5.0,0.200,0.180,0.200,0.180,0.180,0.200,0.200,0.200,0.200,0.180
Perry, Taylor,WOL,0.0,0.0,0.0,0.0,0.0,0.0,0.0,0.0,0.0,0.0,0.0,0.0,0.0,0.0,0.0,0.0,0.0,0.0,0.0,0.0,£4.5,0.000,0.000,0.000,0.000,0.000,0.000,0.000,0.000,0.000,0.000
Otasowie, Owen,WOL,0.0,0.0,0.0,0.0,0.0,0.0,0.0,0.0,0.0,0.0,0.0,0.0,0.0,0.0,0.0,0.0,0.0,0.0,0.0,0.0,£4.5,0.000,0.000,0.000,0.000,0.000,0.000,0.000,0.000,0.000,0.000
Cundle, Luke,WOL,0.0,0.0,0.0,0.0,0.0,0.0,0.0,0.0,0.0,0.0,0.0,0.0,0.0,0.0,0.0,0.0,0.0,0.0,0.0,0.0,£4.5,0.000,0.000,0.000,0.000,0.000,0.000,0.000,0.000,0.000,0.000
Jordao,,WOL,0.0,0.0,0.0,0.0,0.0,0.0,0.0,0.0,0.0,0.0,0.0,0.0,0.0,0.0,0.0,0.0,0.0,0.0,0.0,0.0,£4.5,0.000,0.000,0.000,0.000,0.000,0.000,0.000,0.000,0.000,0.000
Podence,,WOL,0.1,0.1,0.1,0.1,0.1,0.1,0.1,0.1,0.1,0.1,0.1,0.1,0.1,0.1,0.1,0.1,0.1,0.1,0.1,0.1,£5.2,0.019,0.019,0.019,0.019,0.019,0.019,0.019,0.019,0.019,0.019